<annotation>
	<folder>images</folder>
	<filename>right_fisheye_image_0062.jpg</filename>
	<path>C:\Users\CPP-UAV-CYBER-A\Spot.Data\TicTacSPOT\pieces\dogtoy\images\right_fisheye_image_0062.jpg</path>
	<source>
		<database>Unknown</database>
	</source>
	<size>
		<width>640</width>
		<height>480</height>
		<depth>1</depth>
	</size>
	<segmented>0</segmented>
	<object>
		<name>x</name>
		<pose>Unspecified</pose>
		<truncated>0</truncated>
		<difficult>0</difficult>
		<bndbox>
			<xmin>333</xmin>
			<ymin>261</ymin>
			<xmax>362</xmax>
			<ymax>282</ymax>
		</bndbox>
	</object>
</annotation>
